{"train/loss_center_heatmap": 0.4994598842660586, "train/loss_wh": 0.10572144667307536, "train/loss_offset": 0.1608921821663777, "train/loss": 0.7660735139250755, "train/grad_norm": 5.199452626307806, "learning_rate": 0.0025, "momentum": 0.9, "_timestamp": 1673620023.5198247, "_runtime": 2526.4842386245728, "_step": 3344, "val/loss_center_heatmap": 0.4662404646520066, "val/loss_wh": 0.0951261987860224, "val/loss_offset": 0.15621718451116992, "val/loss": 0.7175838484437065}