{"train/loss_center_heatmap": 0.3834008130431175, "train/loss_wh": 0.0870981811421613, "train/loss_offset": 0.14346262795229753, "train/loss": 0.6139616219202677, "train/grad_norm": 4.193964750766754, "learning_rate": 0.0025, "momentum": 0.9, "_timestamp": 1673635208.2996325, "_runtime": 17711.264046430588, "_step": 13548, "val/loss_center_heatmap": 0.378137283587614, "val/loss_wh": 0.07618703354001705, "val/loss_offset": 0.14139687657290329, "val/loss": 0.5957211941744374, "val/bbox_mAP": 0.305, "val/bbox_mAP_50": 0.631, "val/bbox_mAP_75": 0.609, "val/bbox_mAP_s": 0.469, "val/bbox_mAP_m": 0.671, "val/bbox_mAP_l": 0.419, "_wandb": {"runtime": 18346}}