{"train/loss_center_heatmap": 0.4770322349965572, "train/loss_wh": 0.1181689876280725, "train/loss_offset": 0.1509360438734293, "train/loss": 0.7461372661292553, "train/grad_norm": 6.104620289325714, "learning_rate": 0.00125, "momentum": 0.9, "_timestamp": 1673620129.955571, "_runtime": 56237.84311389923, "_step": 28813, "val/loss_center_heatmap": 0.4565670647847969, "val/loss_wh": 0.11546983113265143, "val/loss_offset": 0.15173575728802027, "val/loss": 0.7237726536999761}