{"train/loss_center_heatmap": 0.28694568666815756, "train/loss_wh": 0.05201922977343201, "train/loss_offset": 0.11711168782413006, "train/loss": 0.456076605245471, "train/grad_norm": 4.315306076049804, "learning_rate": 1.2500000000000002e-05, "momentum": 0.9, "_timestamp": 1673880843.4490213, "_runtime": 316951.33656430244, "_step": 205801, "val/loss_center_heatmap": 0.30246821659064926, "val/loss_wh": 0.060423013609957645, "val/loss_offset": 0.12043679320970468, "val/loss": 0.4833280244034476, "val/bbox_mAP": 0.313, "val/bbox_mAP_50": 0.634, "val/bbox_mAP_75": 0.616, "val/bbox_mAP_s": 0.573, "val/bbox_mAP_m": 0.745, "val/bbox_mAP_l": 0.439, "_wandb": {"runtime": 320787}}