{"train/loss_center_heatmap": 0.3885969739407301, "train/loss_wh": 0.0881967584900558, "train/loss_offset": 0.1372741880863905, "train/loss": 0.6140679203867913, "train/grad_norm": 5.097679902672768, "learning_rate": 0.00125, "momentum": 0.9, "_timestamp": 1673650419.357703, "_runtime": 86527.24524593353, "_step": 58624, "val/loss_center_heatmap": 0.39997079651967615, "val/loss_wh": 0.08475451837747103, "val/loss_offset": 0.14355151656916185, "val/loss": 0.6282768323358181, "val/bbox_mAP": 0.305, "val/bbox_mAP_50": 0.639, "val/bbox_mAP_75": 0.613, "val/bbox_mAP_s": 0.5, "val/bbox_mAP_m": 0.674, "val/bbox_mAP_l": 0.403}