{"train/loss_center_heatmap": 0.2818993704020977, "train/loss_wh": 0.052035129018127915, "train/loss_offset": 0.11695305121690035, "train/loss": 0.45088755078613757, "train/grad_norm": 4.238315793514252, "learning_rate": 1.2500000000000002e-05, "momentum": 0.9, "_timestamp": 1673815011.1569157, "_runtime": 251119.0444586277, "_step": 176616, "val/loss_center_heatmap": 0.31260440515074056, "val/loss_wh": 0.05779139071587572, "val/loss_offset": 0.11957328298450572, "val/loss": 0.4899690789459026, "val/bbox_mAP": 0.311, "val/bbox_mAP_50": 0.635, "val/bbox_mAP_75": 0.617, "val/bbox_mAP_s": 0.575, "val/bbox_mAP_m": 0.742, "val/bbox_mAP_l": 0.431}