{"train/loss_center_heatmap": 2.54588454413414, "train/loss_wh": 1.3197774924635888, "train/loss_offset": 0.2562826211899519, "train/loss": 4.121944669485092, "train/grad_norm": 7.920768130064011, "learning_rate": 0.00125, "momentum": 0.9, "_timestamp": 1673565475.3633165, "_runtime": 1583.2508594989777, "_step": 2372, "val/loss_center_heatmap": 2.611390661613076, "val/loss_wh": 1.5519337552574883, "val/loss_offset": 0.25921701702528294, "val/loss": 4.422541441643133}