{"mode": "train", "epoch": 1, "iter": 300, "lr": 0.0015, "memory": 1360, "data_time": 0.30104, "loss_center_heatmap": 93.22305, "loss_wh": 0.51796, "loss_offset": 0.20838, "loss": 93.94938, "grad_norm": 903.56204, "time": 0.63377}
{"mode": "train", "epoch": 1, "iter": 600, "lr": 0.0025, "memory": 1360, "data_time": 0.24976, "loss_center_heatmap": 0.7566, "loss_wh": 0.18405, "loss_offset": 0.1895, "loss": 1.13015, "grad_norm": 9.55462, "time": 0.57351}
{"mode": "train", "epoch": 1, "iter": 900, "lr": 0.0025, "memory": 1360, "data_time": 0.21938, "loss_center_heatmap": 0.68901, "loss_wh": 0.14152, "loss_offset": 0.18389, "loss": 1.01442, "grad_norm": 7.16193, "time": 0.57371}
{"mode": "train", "epoch": 1, "iter": 1200, "lr": 0.0025, "memory": 1360, "data_time": 0.26428, "loss_center_heatmap": 0.58442, "loss_wh": 0.12242, "loss_offset": 0.17483, "loss": 0.88168, "grad_norm": 5.96566, "time": 0.59169}
{"mode": "val", "epoch": 1, "iter": 452, "lr": 0.0025, "memory": 1360, "data_time": 0.42417, "loss_center_heatmap": 0.54635, "loss_wh": 0.10923, "loss_offset": 0.17503, "loss": 0.83061, "time": 0.65782}
{"mode": "train", "epoch": 1, "iter": 300, "lr": 0.0015, "memory": 1360, "data_time": 0.21572, "loss_center_heatmap": 93.21837, "loss_wh": 0.52072, "loss_offset": 0.20828, "loss": 93.94736, "grad_norm": 903.78268, "time": 0.60234}
{"mode": "train", "epoch": 1, "iter": 600, "lr": 0.0025, "memory": 1360, "data_time": 0.21877, "loss_center_heatmap": 0.7251, "loss_wh": 0.16213, "loss_offset": 0.18735, "loss": 1.07458, "grad_norm": 8.23462, "time": 0.56428}
{"mode": "train", "epoch": 1, "iter": 900, "lr": 0.0025, "memory": 1360, "data_time": 0.17981, "loss_center_heatmap": 0.68843, "loss_wh": 0.15321, "loss_offset": 0.18376, "loss": 1.0254, "grad_norm": 7.25799, "time": 0.57843}
{"mode": "train", "epoch": 1, "iter": 1200, "lr": 0.0025, "memory": 1360, "data_time": 0.2239, "loss_center_heatmap": 0.5941, "loss_wh": 0.13098, "loss_offset": 0.17728, "loss": 0.90236, "grad_norm": 6.66933, "time": 0.58473}
{"mode": "val", "epoch": 1, "iter": 452, "lr": 0.0025, "memory": 1360, "data_time": 0.42441, "loss_center_heatmap": 0.57247, "loss_wh": 0.12223, "loss_offset": 0.17316, "loss": 0.86786, "time": 0.67737}
{"mode": "train", "epoch": 2, "iter": 300, "lr": 0.0025, "memory": 1360, "data_time": 0.241, "loss_center_heatmap": 0.58626, "loss_wh": 0.13007, "loss_offset": 0.17284, "loss": 0.88917, "grad_norm": 6.55818, "time": 0.58859}
{"mode": "train", "epoch": 2, "iter": 600, "lr": 0.0025, "memory": 1360, "data_time": 0.23767, "loss_center_heatmap": 0.57157, "loss_wh": 0.12089, "loss_offset": 0.17305, "loss": 0.86552, "grad_norm": 5.86167, "time": 0.57584}
{"mode": "train", "epoch": 2, "iter": 900, "lr": 0.0025, "memory": 1360, "data_time": 0.18357, "loss_center_heatmap": 0.55818, "loss_wh": 0.12365, "loss_offset": 0.17168, "loss": 0.85352, "grad_norm": 5.70133, "time": 0.54265}
{"mode": "train", "epoch": 2, "iter": 1200, "lr": 0.0025, "memory": 1360, "data_time": 0.20453, "loss_center_heatmap": 0.5401, "loss_wh": 0.11545, "loss_offset": 0.16647, "loss": 0.82202, "grad_norm": 5.73061, "time": 0.54657}
{"mode": "val", "epoch": 2, "iter": 452, "lr": 0.0025, "memory": 1360, "data_time": 0.40094, "loss_center_heatmap": 0.46624, "loss_wh": 0.09513, "loss_offset": 0.15622, "loss": 0.71758, "time": 0.64317}
{"mode": "train", "epoch": 3, "iter": 300, "lr": 0.0025, "memory": 1360, "data_time": 0.21007, "loss_center_heatmap": 0.48389, "loss_wh": 0.10152, "loss_offset": 0.16115, "loss": 0.74656, "grad_norm": 5.07705, "time": 0.55789}
{"mode": "train", "epoch": 3, "iter": 600, "lr": 0.0025, "memory": 1360, "data_time": 0.2193, "loss_center_heatmap": 0.49946, "loss_wh": 0.10572, "loss_offset": 0.16089, "loss": 0.76607, "grad_norm": 5.19945, "time": 0.55102}
