{"mode": "train", "epoch": 1, "iter": 300, "lr": 0.0015, "memory": 1360, "data_time": 0.30104, "loss_center_heatmap": 93.22305, "loss_wh": 0.51796, "loss_offset": 0.20838, "loss": 93.94938, "grad_norm": 903.56204, "time": 0.63377}
{"mode": "train", "epoch": 1, "iter": 600, "lr": 0.0025, "memory": 1360, "data_time": 0.24976, "loss_center_heatmap": 0.7566, "loss_wh": 0.18405, "loss_offset": 0.1895, "loss": 1.13015, "grad_norm": 9.55462, "time": 0.57351}
{"mode": "train", "epoch": 1, "iter": 900, "lr": 0.0025, "memory": 1360, "data_time": 0.21938, "loss_center_heatmap": 0.68901, "loss_wh": 0.14152, "loss_offset": 0.18389, "loss": 1.01442, "grad_norm": 7.16193, "time": 0.57371}
{"mode": "train", "epoch": 1, "iter": 1200, "lr": 0.0025, "memory": 1360, "data_time": 0.26428, "loss_center_heatmap": 0.58442, "loss_wh": 0.12242, "loss_offset": 0.17483, "loss": 0.88168, "grad_norm": 5.96566, "time": 0.59169}
{"mode": "val", "epoch": 1, "iter": 452, "lr": 0.0025, "memory": 1360, "data_time": 0.42417, "loss_center_heatmap": 0.54635, "loss_wh": 0.10923, "loss_offset": 0.17503, "loss": 0.83061, "time": 0.65782}
{"mode": "train", "epoch": 1, "iter": 300, "lr": 0.0015, "memory": 1360, "data_time": 0.21572, "loss_center_heatmap": 93.21837, "loss_wh": 0.52072, "loss_offset": 0.20828, "loss": 93.94736, "grad_norm": 903.78268, "time": 0.60234}
{"mode": "train", "epoch": 1, "iter": 600, "lr": 0.0025, "memory": 1360, "data_time": 0.21877, "loss_center_heatmap": 0.7251, "loss_wh": 0.16213, "loss_offset": 0.18735, "loss": 1.07458, "grad_norm": 8.23462, "time": 0.56428}
{"mode": "train", "epoch": 1, "iter": 900, "lr": 0.0025, "memory": 1360, "data_time": 0.17981, "loss_center_heatmap": 0.68843, "loss_wh": 0.15321, "loss_offset": 0.18376, "loss": 1.0254, "grad_norm": 7.25799, "time": 0.57843}
{"mode": "train", "epoch": 1, "iter": 1200, "lr": 0.0025, "memory": 1360, "data_time": 0.2239, "loss_center_heatmap": 0.5941, "loss_wh": 0.13098, "loss_offset": 0.17728, "loss": 0.90236, "grad_norm": 6.66933, "time": 0.58473}
{"mode": "val", "epoch": 1, "iter": 452, "lr": 0.0025, "memory": 1360, "data_time": 0.42441, "loss_center_heatmap": 0.57247, "loss_wh": 0.12223, "loss_offset": 0.17316, "loss": 0.86786, "time": 0.67737}
{"mode": "train", "epoch": 2, "iter": 300, "lr": 0.0025, "memory": 1360, "data_time": 0.241, "loss_center_heatmap": 0.58626, "loss_wh": 0.13007, "loss_offset": 0.17284, "loss": 0.88917, "grad_norm": 6.55818, "time": 0.58859}
{"mode": "train", "epoch": 2, "iter": 600, "lr": 0.0025, "memory": 1360, "data_time": 0.23767, "loss_center_heatmap": 0.57157, "loss_wh": 0.12089, "loss_offset": 0.17305, "loss": 0.86552, "grad_norm": 5.86167, "time": 0.57584}
{"mode": "train", "epoch": 2, "iter": 900, "lr": 0.0025, "memory": 1360, "data_time": 0.18357, "loss_center_heatmap": 0.55818, "loss_wh": 0.12365, "loss_offset": 0.17168, "loss": 0.85352, "grad_norm": 5.70133, "time": 0.54265}
{"mode": "train", "epoch": 2, "iter": 1200, "lr": 0.0025, "memory": 1360, "data_time": 0.20453, "loss_center_heatmap": 0.5401, "loss_wh": 0.11545, "loss_offset": 0.16647, "loss": 0.82202, "grad_norm": 5.73061, "time": 0.54657}
{"mode": "val", "epoch": 2, "iter": 452, "lr": 0.0025, "memory": 1360, "data_time": 0.40094, "loss_center_heatmap": 0.46624, "loss_wh": 0.09513, "loss_offset": 0.15622, "loss": 0.71758, "time": 0.64317}
{"mode": "train", "epoch": 3, "iter": 300, "lr": 0.0025, "memory": 1360, "data_time": 0.21007, "loss_center_heatmap": 0.48389, "loss_wh": 0.10152, "loss_offset": 0.16115, "loss": 0.74656, "grad_norm": 5.07705, "time": 0.55789}
{"mode": "train", "epoch": 3, "iter": 600, "lr": 0.0025, "memory": 1360, "data_time": 0.2193, "loss_center_heatmap": 0.49946, "loss_wh": 0.10572, "loss_offset": 0.16089, "loss": 0.76607, "grad_norm": 5.19945, "time": 0.55102}
{"mode": "train", "epoch": 3, "iter": 900, "lr": 0.0025, "memory": 1360, "data_time": 0.19998, "loss_center_heatmap": 0.48394, "loss_wh": 0.10794, "loss_offset": 0.16046, "loss": 0.75234, "grad_norm": 4.8051, "time": 0.55476}
{"mode": "train", "epoch": 3, "iter": 1200, "lr": 0.0025, "memory": 1360, "data_time": 0.19354, "loss_center_heatmap": 0.46223, "loss_wh": 0.10164, "loss_offset": 0.15788, "loss": 0.72175, "grad_norm": 4.93406, "time": 0.5503}
{"mode": "val", "epoch": 3, "iter": 452, "lr": 0.0025, "memory": 1360, "data_time": 0.38128, "loss_center_heatmap": 0.47678, "loss_wh": 0.09115, "loss_offset": 0.15497, "loss": 0.7229, "time": 0.62206}
{"mode": "train", "epoch": 4, "iter": 300, "lr": 0.0025, "memory": 1360, "data_time": 0.20708, "loss_center_heatmap": 0.47215, "loss_wh": 0.09977, "loss_offset": 0.15763, "loss": 0.72955, "grad_norm": 4.82172, "time": 0.56438}
{"mode": "train", "epoch": 4, "iter": 600, "lr": 0.0025, "memory": 1360, "data_time": 0.23144, "loss_center_heatmap": 0.46715, "loss_wh": 0.10056, "loss_offset": 0.15659, "loss": 0.72431, "grad_norm": 4.94328, "time": 0.56474}
{"mode": "train", "epoch": 4, "iter": 900, "lr": 0.0025, "memory": 1360, "data_time": 0.20179, "loss_center_heatmap": 0.46066, "loss_wh": 0.0949, "loss_offset": 0.15642, "loss": 0.71198, "grad_norm": 4.65419, "time": 0.54532}
{"mode": "train", "epoch": 4, "iter": 1200, "lr": 0.0025, "memory": 1360, "data_time": 0.2025, "loss_center_heatmap": 0.43256, "loss_wh": 0.0908, "loss_offset": 0.15133, "loss": 0.67469, "grad_norm": 4.51468, "time": 0.55184}
{"mode": "val", "epoch": 4, "iter": 452, "lr": 0.0025, "memory": 1360, "data_time": 0.38368, "loss_center_heatmap": 0.42736, "loss_wh": 0.084, "loss_offset": 0.15525, "loss": 0.66661, "time": 0.62156}
{"mode": "train", "epoch": 5, "iter": 300, "lr": 0.0025, "memory": 1360, "data_time": 0.19935, "loss_center_heatmap": 0.43362, "loss_wh": 0.09423, "loss_offset": 0.15321, "loss": 0.68106, "grad_norm": 4.43096, "time": 0.5391}
{"mode": "train", "epoch": 5, "iter": 600, "lr": 0.0025, "memory": 1360, "data_time": 0.22041, "loss_center_heatmap": 0.43012, "loss_wh": 0.0891, "loss_offset": 0.15318, "loss": 0.6724, "grad_norm": 4.75463, "time": 0.56458}
{"mode": "train", "epoch": 5, "iter": 900, "lr": 0.0025, "memory": 1360, "data_time": 0.21362, "loss_center_heatmap": 0.45192, "loss_wh": 0.0991, "loss_offset": 0.15392, "loss": 0.70494, "grad_norm": 4.48297, "time": 0.56776}
{"mode": "train", "epoch": 5, "iter": 1200, "lr": 0.0025, "memory": 1360, "data_time": 0.19809, "loss_center_heatmap": 0.44488, "loss_wh": 0.09195, "loss_offset": 0.15532, "loss": 0.69215, "grad_norm": 4.72118, "time": 0.55342}
{"mode": "val", "epoch": 5, "iter": 3611, "lr": 0.0025, "bbox_mAP": 0.305, "bbox_mAP_50": 0.631, "bbox_mAP_75": 0.609, "bbox_mAP_s": 0.469, "bbox_mAP_m": 0.671, "bbox_mAP_l": 0.419, "bbox_mAP_copypaste": "0.305 0.631 0.609 0.469 0.671 0.419"}
{"mode": "val", "epoch": 5, "iter": 452, "lr": 0.0025, "memory": 2330, "data_time": 0.37892, "loss_center_heatmap": 0.42437, "loss_wh": 0.08914, "loss_offset": 0.14896, "loss": 0.66248, "time": 0.62111}
{"mode": "train", "epoch": 6, "iter": 300, "lr": 0.0025, "memory": 2330, "data_time": 0.19683, "loss_center_heatmap": 0.43013, "loss_wh": 0.08607, "loss_offset": 0.148, "loss": 0.6642, "grad_norm": 4.29585, "time": 0.55683}
{"mode": "train", "epoch": 6, "iter": 600, "lr": 0.0025, "memory": 2330, "data_time": 0.1618, "loss_center_heatmap": 0.40968, "loss_wh": 0.08368, "loss_offset": 0.14945, "loss": 0.64281, "grad_norm": 4.18175, "time": 0.52335}
{"mode": "train", "epoch": 6, "iter": 900, "lr": 0.0025, "memory": 2330, "data_time": 0.1478, "loss_center_heatmap": 0.40777, "loss_wh": 0.0852, "loss_offset": 0.15055, "loss": 0.64351, "grad_norm": 4.35745, "time": 0.50625}
{"mode": "train", "epoch": 6, "iter": 1200, "lr": 0.0025, "memory": 2330, "data_time": 0.21533, "loss_center_heatmap": 0.398, "loss_wh": 0.08567, "loss_offset": 0.14895, "loss": 0.63262, "grad_norm": 4.2734, "time": 0.5403}
{"mode": "val", "epoch": 6, "iter": 452, "lr": 0.0025, "memory": 2330, "data_time": 0.35281, "loss_center_heatmap": 0.40269, "loss_wh": 0.0835, "loss_offset": 0.14982, "loss": 0.636,