{"train/loss_center_heatmap": 0.3606681994100412, "train/loss_wh": 0.07175557625790437, "train/loss_offset": 0.13991442975898583, "train/loss": 0.5723382080594699, "train/grad_norm": 4.058809107542038, "learning_rate": 0.0025, "momentum": 0.9, "_timestamp": 1673812016.9947515, "_runtime": 164535.54136538506, "_step": 19209, "val/bbox_mAP": 0.276, "val/bbox_mAP_50": 0.554, "val/bbox_mAP_75": 0.536, "val/bbox_mAP_s": 0.499, "val/bbox_mAP_m": 0.662, "val/bbox_mAP_l": 0.406, "_wandb": {"runtime": 171895}}