{"mode": "train", "epoch": 1, "iter": 300, "lr": 0.0015, "memory": 1360, "data_time": 0.20043, "loss_center_heatmap": 93.23042, "loss_wh": 0.52624, "loss_offset": 0.20909, "loss": 93.96574, "grad_norm": 903.57899, "time": 0.5818}
{"mode": "train", "epoch": 1, "iter": 600, "lr": 0.0025, "memory": 1360, "data_time": 0.18844, "loss_center_heatmap": 0.74285, "loss_wh": 0.16916, "loss_offset": 0.18895, "loss": 1.10096, "grad_norm": 8.51598, "time": 0.5506}
{"mode": "train", "epoch": 1, "iter": 900, "lr": 0.0025, "memory": 1360, "data_time": 0.15805, "loss_center_heatmap": 0.70518, "loss_wh": 0.16566, "loss_offset": 0.18513, "loss": 1.05597, "grad_norm": 7.65939, "time": 0.57819}
{"mode": "train", "epoch": 1, "iter": 1200, "lr": 0.0025, "memory": 1360, "data_time": 0.20062, "loss_center_heatmap": 0.5977, "loss_wh": 0.1315, "loss_offset": 0.1757, "loss": 0.9049, "grad_norm": 6.44641, "time": 0.58663}
{"mode": "val", "epoch": 1, "iter": 3611, "lr": 0.0025, "bbox_mAP": 0.256, "bbox_mAP_50": 0.536, "bbox_mAP_75": 0.508, "bbox_mAP_s": 0.307, "bbox_mAP_m": 0.554, "bbox_mAP_l": 0.332, "bbox_mAP_copypaste": "0.256 0.536 0.508 0.307 0.554 0.332"}
{"mode": "val", "epoch": 1, "iter": 452, "lr": 0.0025, "memory": 2330, "data_time": 0.36571, "loss_center_heatmap": 0.55322, "loss_wh": 0.12163, "loss_offset": 0.17526, "loss": 0.85011, "time": 0.61985}
{"mode": "train", "epoch": 2, "iter": 300, "lr": 0.0025, "memory": 2330, "data_time": 0.18217, "loss_center_heatmap": 0.56157, "loss_wh": 0.12328, "loss_offset": 0.17086, "loss": 0.85572, "grad_norm": 5.63433, "time": 0.57148}
{"mode": "train", "epoch": 2, "iter": 600, "lr": 0.0025, "memory": 2330, "data_time": 0.17231, "loss_center_heatmap": 0.58655, "loss_wh": 0.1211, "loss_offset": 0.17414, "loss": 0.88178, "grad_norm": 6.22193, "time": 0.54723}
{"mode": "train", "epoch": 2, "iter": 900, "lr": 0.0025, "memory": 2330, "data_time": 0.13002, "loss_center_heatmap": 0.55482, "loss_wh": 0.12374, "loss_offset": 0.16963, "loss": 0.84819, "grad_norm": 5.47873, "time": 0.53694}
{"mode": "train", "epoch": 2, "iter": 1200, "lr": 0.0025, "memory": 2330, "data_time": 0.16206, "loss_center_heatmap": 0.53817, "loss_wh": 0.11053, "loss_offset": 0.16835, "loss": 0.81705, "grad_norm": 5.55361, "time": 0.5259}
{"mode": "val", "epoch": 2, "iter": 3611, "lr": 0.0025, "bbox_mAP": 0.285, "bbox_mAP_50": 0.609, "bbox_mAP_75": 0.577, "bbox_mAP_s": 0.38, "bbox_mAP_m": 0.596, "bbox_mAP_l": 0.378, "bbox_mAP_copypaste": "0.285 0.609 0.577 0.380 0.596 0.378"}
{"mode": "val", "epoch": 2, "iter": 452, "lr": 0.0025, "memory": 2330, "data_time": 0.35563, "loss_center_heatmap": 0.47903, "loss_wh": 0.10458, "loss_offset": 0.15907, "loss": 0.74268, "time": 0.6158}
{"mode": "train", "epoch": 3, "iter": 300, "lr": 0.0025, "memory": 2330, "data_time": 0.20387, "loss_center_heatmap": 0.48454, "loss_wh": 0.10498, "loss_offset": 0.16121, "loss": 0.75074, "grad_norm": 5.0208, "time": 0.58091}
{"mode": "train", "epoch": 3, "iter": 600, "lr": 0.0025, "memory": 2330, "data_time": 0.1882, "loss_center_heatmap": 0.49936, "loss_wh": 0.10808, "loss_offset": 0.16095, "loss": 0.76839, "grad_norm": 5.13299, "time": 0.53631}
{"mode": "train", "epoch": 3, "iter": 900, "lr": 0.0025, "memory": 2330, "data_time": 0.18509, "loss_center_heatmap": 0.48374, "loss_wh": 0.10704, "loss_offset": 0.16134, "loss": 0.75211, "grad_norm": 4.77125, "time": 2.28676}
{"mode": "train", "epoch": 3, "iter": 1200, "lr": 0.0025, "memory": 2330, "data_time": 0.01202, "loss_center_heatmap": 0.45946, "loss_wh": 0.10413, "loss_offset": 0.15814, "loss": 0.72174, "grad_norm": 4.82706, "time": 9.08507}
{"mode": "val", "epoch": 3, "iter": 3611, "lr": 0.0025, "bbox_mAP": 0.302, "bbox_mAP_50": 0.617, "bbox_mAP_75": 0.594, "bbox_mAP_s": 0.423, "bbox_mAP_m": 0.644, "bbox_mAP_l": 0.424, "bbox_mAP_copypaste": "0.302 0.617 0.594 0.423 0.644 0.424"}
{"mode": "val", "epoch": 3, "iter": 452, "lr": 0.0025, "memory": 2330, "data_time": 0.02401, "loss_center_heatmap": 0.46963, "loss_wh": 0.09475, "loss_offset": 0.15413, "loss": 0.71851, "time": 7.3538}
{"mode": "train", "epoch": 4, "iter": 300, "lr": 0.0025, "memory": 2330, "data_time": 0.0242, "loss_center_heatmap": 0.48173, "loss_wh": 0.10069, "loss_offset": 0.15775, "loss": 0.74017, "grad_norm": 4.91368, "time": 9.20008}
{"mode": "train", "epoch": 4, "iter": 600, "lr": 0.0025, "memory": 2330, "data_time": 0.01069, "loss_center_heatmap": 0.47717, "loss_wh": 0.10929, "loss_offset": 0.15824, "loss": 0.74471, "grad_norm": 5.17911, "time": 8.13601}
{"mode": "train", "epoch": 4, "iter": 900, "lr": 0.0025, "memory": 2330, "data_time": 0.01065, "loss_center_heatmap": 0.46074, "loss_wh": 0.09538, "loss_offset": 0.15685, "loss": 0.71297, "grad_norm": 4.63358, "time": 8.58668}
{"mode": "train", "epoch": 4, "iter": 1200, "lr": 0.0025, "memory": 2330, "data_time": 0.10199, "loss_center_heatmap": 0.44092, "loss_wh": 0.09296, "loss_offset": 0.1527, "loss": 0.68658, "grad_norm": 4.58995, "time": 4.98912}
{"mode": "val", "epoch": 4, "iter": 3611, "lr": 0.0025, "bbox_mAP": 0.273, "bbox_mAP_50": 0.565, "bbox_mAP_75": 0.536, "bbox_mAP_s": 0.433, "bbox_mAP_m": 0.631, "bbox_mAP_l": 0.38, "bbox_mAP_copypaste": "0.273 0.565 0.536 0.433 0.631 0.380"}
{"mode": "val", "epoch": 4, "iter": 452, "lr": 0.0025, "memory": 2330, "data_time": 0.33397, "loss_center_heatmap": 0.42979, "loss_wh": 0.08902, "loss_offset": 0.1547, "loss": 0.67352, "time": 0.63113}
{"mode": "train", "epoch": 5, "iter": 300, "lr": 0.0025, "memory": 2330, "data_time": 0.24197, "loss_center_heatmap": 0.43906, "loss_wh": 0.09146, "loss_offset": 0.15316, "loss": 0.68368, "grad_norm": 4.41018, "time": 0.60822}
{"mode": "train", "epoch": 5, "iter": 600, "lr": 0.0025, "memory": 2330, "data_time": 0.22507, "loss_center_heatmap": 0.41898, "loss_wh": 0.08539, "loss_offset": 0.15251, "loss": 0.65688, "grad_norm": 4.50642, "time": 0.5977}
{"mode": "train", "epoch": 5, "iter": 900, "lr": 0.0025, "memory": 2330, "data_time": 0.18505, "loss_center_heatmap": 0.44977, "loss_wh": 0.09943, "loss_offset": 0.15372, "loss": 0.70292, "grad_norm": 4.46792, "time": 0.59726}
{"mode": "train", "epoch": 5, "iter": 1200, "lr": 0.0025, "memory": 2330, "data_time": 0.15378, "loss_center_heatmap": 0.45757, "loss_wh": 0.09351, "loss_offset": 0.15524, "loss": 0.70632, "grad_norm": 5.01836, "time": 0.53732}
{"mode": "val", "epoch": 5, "iter": 3611, "lr": 0.0025, "bbox_mAP": 0.297, "bbox_mAP_50": 0.612, "bbox_mAP_75": 0.591, "bbox_mAP_s": 0.466, "bbox_mAP_m": 0.666, "bbox_mAP_l": 0.423, "bbox_mAP_copypaste": "0.297 0.612 0.591 0.466 0.666 0.423"}
{"mode": "val", "epoch": 5, "iter": 452, "lr": 0.0025, "memory": 2330, "data_time": 0.3969, "loss_center_heatmap": 0.42661, "loss_wh": 0.08496, "loss_offset": 0.15023, "loss": 0.6618, "time": 0.65118}
{"mode": "train", "epoch": 6, "iter": 300, "lr": 0.0025, "memory": 2330, "data_time": 0.22748, "loss_center_heatmap": 0.43295, "loss_wh": 0.08961, "loss_offset": 0.14847, "loss": 0.67104, "grad_norm": 4.35258, "time": 0.61118}
{"mode": "train", "epoch": 6, "iter": 600, "lr": 0.0025, "memory": 2330, "data_time": 0.19404, "loss_center_heatmap": 0.40945, "loss_wh": 0.0861, "loss_offset": 0.14971, "loss": 0.64527, "grad_norm": 4.22807, "time": 0.58727}
{"mode": "train", "epoch": 6, "iter": 900, "lr": 0.0025, "memory": 2330, "data_time": 0.17836, "loss_center_heatmap": 0.41072, "loss_wh": 0.08783, "loss_offset": 0.15026, "loss": 0.64881, "grad_norm": 4.31782, "time": 0.54898}
{"mode": "train", "epoch": 6, "iter": 1200, "lr": 0.0025, "memory": 2330, "data_time": 0.23168, "loss_center_heatmap": 0.39866, "loss_wh": 0.08661, "loss_offset": 0.14891, "loss": 0.63418, "grad_norm": 4.22814, "time": 0.58979}
{"mode": "val", "epoch": 6, "iter": 3611, "lr": 0.0025, "bbox_mAP": 0.284, "bbox_mAP_50": 0.586, "bbox_mAP_75": 0.565, "bbox_mAP_s": 0.481, "bbox_mAP_m": 0.645, "bbox_mAP_l": 0.374, "bbox_mAP_copypaste": "0.284 0.586 0.565 0.481 0.645 0.374"}
{"mode": "val", "epoch": 6, "iter": 452, "lr": 0.0025, "memory": 2330,