{"train/loss_center_heatmap": 0.3763939255177975, "train/loss_wh": 0.08457967413961888, "train/loss_offset": 0.13736516558378936, "train/loss": 0.598338764578104, "train/grad_norm": 5.130229674458504, "learning_rate": 0.00125, "momentum": 0.9, "_timestamp": 1673650689.295873, "_runtime": 85637.51433587074, "_step": 57625, "val/loss_center_heatmap": 0.3866176497751633, "val/loss_wh": 0.0801060234517914, "val/loss_offset": 0.1401422753171847, "val/loss": 0.6068659484122707, "val/bbox_mAP": 0.307, "val/bbox_mAP_50": 0.637, "val/bbox_mAP_75": 0.616, "val/bbox_mAP_s": 0.521, "val/bbox_mAP_m": 0.685, "val/bbox_mAP_l": 0.413}