{"train/loss_center_heatmap": 0.27440542267262935, "train/loss_wh": 0.04971277285926044, "train/loss_offset": 0.11528754404932261, "train/loss": 0.4394057404845953, "train/grad_norm": 4.308496525168419, "learning_rate": 1.2500000000000002e-05, "momentum": 0.9, "_timestamp": 1673812209.536808, "_runtime": 247157.75527095795, "_step": 205801, "val/loss_center_heatmap": 0.286128141134318, "val/loss_wh": 0.05489228349343865, "val/loss_offset": 0.1183272843141999, "val/loss": 0.45934771050789713, "val/bbox_mAP": 0.323, "val/bbox_mAP_50": 0.647, "val/bbox_mAP_75": 0.631, "val/bbox_mAP_s": 0.589, "val/bbox_mAP_m": 0.752, "val/bbox_mAP_l": 0.455, "_wandb": {"runtime": 254875}}