{"train/loss_center_heatmap": 0.4317761821448803, "train/loss_wh": 0.1037911014854908, "train/loss_offset": 0.15078051172196866, "train/loss": 0.6863477956950664, "train/grad_norm": 5.8399162499904635, "learning_rate": 0.00125, "momentum": 0.9, "_timestamp": 1673619837.4916427, "_runtime": 54785.71010565758, "_step": 27068, "val/loss_center_heatmap": 0.44043156260673977, "val/loss_wh": 0.0967403044759304, "val/loss_offset": 0.15144058110901212, "val/loss": 0.6886124470460732}