{"train/loss_center_heatmap": 8.402172700285911, "train/loss_wh": 2.0688410488069056, "train/loss_offset": 0.30908785890042784, "train/loss": 10.78010164952278, "train/grad_norm": 91.17260049152374, "learning_rate": 0.00124875125, "momentum": 0.9, "_timestamp": 1673565621.7604496, "_runtime": 569.9789125919342, "_step": 1000}