{"mode": "train", "epoch": 1, "iter": 1000, "lr": 0.00125, "memory": 2409, "data_time": 0.15736, "loss_center_heatmap": 8.40217, "loss_wh": 2.06884, "loss_offset": 0.30909, "loss": 10.7801, "grad_norm": 91.1726, "time": 0.55356}
{"mode": "val", "epoch": 1, "iter": 452, "lr": 0.00125, "memory": 2409, "data_time": 0.37488, "loss_center_heatmap": 2.60396, "loss_wh": 1.51455, "loss_offset": 0.261, "loss": 4.37952, "time": 0.62436}
{"mode": "train", "epoch": 2, "iter": 1000, "lr": 0.00125, "memory": 2409, "data_time": 0.16648, "loss_center_heatmap": 2.34899, "loss_wh": 1.1, "loss_offset": 0.25581, "loss": 3.70479, "grad_norm": 9.875, "time": 0.56167}
{"mode": "val", "epoch": 2, "iter": 452, "lr": 0.00125, "memory": 2409, "data_time": 0.39059, "loss_center_heatmap": 1.77967, "loss_wh": 0.85572, "loss_offset": 0.25036, "loss": 2.88575, "time": 0.63511}
{"mode": "train", "epoch": 3, "iter": 1000, "lr": 0.00125, "memory": 2409, "data_time": 0.16215, "loss_center_heatmap": 1.56874, "loss_wh": 0.60927, "loss_offset": 0.24109, "loss": 2.4191, "grad_norm": 11.3387, "time": 0.56308}
{"mode": "val", "epoch": 3, "iter": 452, "lr": 0.00125, "memory": 2409, "data_time": 0.02228, "loss_center_heatmap": 1.25889, "loss_wh": 0.62242, "loss_offset": 0.23246, "loss": 2.11376, "time": 7.37277}
{"mode": "train", "epoch": 4, "iter": 1000, "lr": 0.00125, "memory": 2409, "data_time": 0.01652, "loss_center_heatmap": 1.15474, "loss_wh": 0.41399, "loss_offset": 0.23102, "loss": 1.79976, "grad_norm": 10.57022, "time": 8.89197}
{"mode": "val", "epoch": 4, "iter": 452, "lr": 0.00125, "memory": 2409, "data_time": 0.02431, "loss_center_heatmap": 0.94274, "loss_wh": 0.2606, "loss_offset": 0.22014, "loss": 1.42347, "time": 7.38692}
{"mode": "train", "epoch": 5, "iter": 1000, "lr": 0.00125, "memory": 2409, "data_time": 0.02326, "loss_center_heatmap": 0.87655, "loss_wh": 0.2398, "loss_offset": 0.21352, "loss": 1.32987, "grad_norm": 10.32064, "time": 8.38049}
{"mode": "val", "epoch": 5, "iter": 452, "lr": 0.00125, "memory": 2409, "data_time": 0.02024, "loss_center_heatmap": 0.76569, "loss_wh": 0.19825, "loss_offset": 0.20031, "loss": 1.16426, "time": 7.42076}
{"mode": "train", "epoch": 6, "iter": 1000, "lr": 0.00125, "memory": 2409, "data_time": 0.15898, "loss_center_heatmap": 0.71226, "loss_wh": 0.18691, "loss_offset": 0.19583, "loss": 1.09501, "grad_norm": 9.23983, "time": 1.13637}
{"mode": "val", "epoch": 6, "iter": 452, "lr": 0.00125, "memory": 2409, "data_time": 0.38794, "loss_center_heatmap": 0.71602, "loss_wh": 0.18706, "loss_offset": 0.19895, "loss": 1.10203, "time": 0.63529}
{"mode": "train", "epoch": 7, "iter": 1000, "lr": 0.00125, "memory": 2409, "data_time": 0.15919, "loss_center_heatmap": 0.64345, "loss_wh": 0.17053, "loss_offset": 0.18686, "loss": 1.00084, "grad_norm": 8.47497, "time": 0.55345}
{"mode": "val", "epoch": 7, "iter": 452, "lr": 0.00125, "memory": 2409, "data_time": 0.38068, "loss_center_heatmap": 0.65503, "loss_wh": 0.16451, "loss_offset": 0.18013, "loss": 0.99967, "time": 0.62265}
{"mode": "train", "epoch": 8, "iter": 1000, "lr": 0.00125, "memory": 2409, "data_time": 0.15191, "loss_center_heatmap": 0.59899, "loss_wh": 0.15662, "loss_offset": 0.17961, "loss": 0.93521, "grad_norm": 8.18959, "time": 0.55309}
{"mode": "val", "epoch": 8, "iter": 452, "lr": 0.00125, "memory": 2409, "data_time": 0.36764, "loss_center_heatmap": 0.61266, "loss_wh": 0.1592, "loss_offset": 0.17851, "loss": 0.95036, "time": 0.61923}
{"mode": "train", "epoch": 9, "iter": 1000, "lr": 0.00125, "memory": 2409, "data_time": 0.18998, "loss_center_heatmap": 0.57013, "loss_wh": 0.144, "loss_offset": 0.17552, "loss": 0.88965, "grad_norm": 7.73089, "time": 0.58802}
{"mode": "val", "epoch": 9, "iter": 452, "lr": 0.00125, "memory": 2409, "data_time": 0.38864, "loss_center_heatmap": 0.55286, "loss_wh": 0.1254, "loss_offset": 0.17214, "loss": 0.85039, "time": 0.63152}
{"mode": "train", "epoch": 10, "iter": 1000, "lr": 0.00125, "memory": 2409, "data_time": 0.16785, "loss_center_heatmap": 0.55097, "loss_wh": 0.14014, "loss_offset": 0.16996, "loss": 0.86106, "grad_norm": 7.42279, "time": 0.5716}
{"mode": "val", "epoch": 10, "iter": 452, "lr": 0.00125, "memory": 2409, "data_time": 0.38697, "loss_center_heatmap": 0.54415, "loss_wh": 0.14134, "loss_offset": 0.16771, "loss": 0.8532, "time": 0.63016}
{"mode": "train", "epoch": 11, "iter": 1000, "lr": 0.00125, "memory": 2409, "data_time": 0.1654, "loss_center_heatmap": 0.53151, "loss_wh": 0.13239, "loss_offset": 0.16786, "loss": 0.83176, "grad_norm": 7.28531, "time": 0.56707}
{"mode": "val", "epoch": 11, "iter": 452, "lr": 0.00125, "memory": 2409, "data_time": 0.38728, "loss_center_heatmap": 0.50881, "loss_wh": 0.12175, "loss_offset": 0.16533, "loss": 0.79589, "time": 0.63459}
{"mode": "train", "epoch": 12, "iter": 1000, "lr": 0.00125, "memory": 2409, "data_time": 0.16371, "loss_center_heatmap": 0.50227, "loss_wh": 0.1253, "loss_offset": 0.16203, "loss": 0.7896, "grad_norm": 6.86151, "time": 0.56412}
{"mode": "val", "epoch": 12, "iter": 452, "lr": 0.00125, "memory": 2409, "data_time": 0.4015, "loss_center_heatmap": 0.49117, "loss_wh": 0.1169, "loss_offset": 0.16277, "loss": 0.77085, "time": 0.65182}
{"mode": "train", "epoch": 13, "iter": 1000, "lr": 0.00125, "memory": 2409, "data_time": 0.18075, "loss_center_heatmap": 0.48822, "loss_wh": 0.12244, "loss_offset": 0.16169, "loss": 0.77236, "grad_norm": 6.74077, "time": 0.58483}
{"mode": "val", "epoch": 13, "iter": 452, "lr": 0.00125, "memory": 2409, "data_time": 0.37638, "loss_center_heatmap": 0.47663, "loss_wh": 0.11511, "loss_offset": 0.15552, "loss": 0.74725, "time": 0.62584}
{"mode": "train", "epoch": 14, "iter": 1000, "lr": 0.00125, "memory": 2409, "data_time": 0.16194, "loss_center_heatmap": 0.48634, "loss_wh": 0.12035, "loss_offset": 0.15921, "loss": 0.76591, "grad_norm": 6.58465, "time": 0.56664}
{"mode": "val", "epoch": 14, "iter": 452, "lr": 0.00125, "memory": 2409, "data_time": 0.38407, "loss_center_heatmap": 0.48339, "loss_wh": 0.11858, "loss_offset": 0.15439, "loss": 0.75635, "time": 0.62816}
{"mode": "train", "epoch": 15, "iter": 1000, "lr": 0.00125, "memory": 2409, "data_time": 0.19465, "loss_center_heatmap": 0.47708, "loss_wh": 0.11611, "loss_offset": 0.15664, "loss": 0.74982, "grad_norm": 6.50103, "time": 0.59162}
{"mode": "val", "epoch": 15, "iter": 452, "lr": 0.00125, "memory": 2409, "data_time": 0.37238, "loss_center_heatmap": 0.46551, "loss_wh": 0.10594, "loss_offset": 0.16238, "loss": 0.73383, "time": 0.62175}
{"mode": "train", "epoch": 16, "iter": 1000, "lr": 0.00125, "memory": 2409, "data_time": 0.19707, "loss_center_heatmap": 0.46976, "loss_wh": 0.11155, "loss_offset": 0.15593, "loss": 0.73724, "grad_norm": 6.38442, "time": 0.59262}
{"mode": "val", "epoch": 16, "iter": 452, "lr": 0.00125, "memory": 2409, "data_time": 0.40266, "loss_center_heatmap": 0.45615, "loss_wh": 0.0998, "loss_offset": 0.15874, "loss": 0.71469, "time": 0.65923}
{"mode": "train", "epoch": 17, "iter": 1000, "lr": 0.00125, "memory": 2409, "data_time": 0.18361, "loss_center_heatmap": 0.45774, "loss_wh": 0.10978, "loss_offset": 0.15425, "loss": 0.72177, "grad_norm": 6.15081, "time": 0.5883}
{"mode": "val", "epoch": 17, "iter": 452, "lr": 0.00125, "memory": 2409, "data_time": 0.37471, "loss_center_heatmap": 0.45617, "loss_wh": 0.10286, "loss_offset": 0.16183, "loss": 0.72086, "time": 0.62434}
{"mode": "train", "epoch": 18, "iter": 1000, "lr": 0.00125, "memory": 2409, "data_time": 0.16617, "loss_center_heatmap": 0.44928, "loss_wh": 0.10609, "loss_offset": 0.15323, "loss": 0.70859, "grad_norm": 6.30821, "time": 0.56292}
{"mode": "val", "epoch": 18, "iter": 452, "lr": 0.00125, "memory": 2409, "data_time": 0.39296, "loss_center_heatmap": 0.44246, "loss_wh": 0.10226, "loss_offset": 0.15005, "loss": 0.69477, "time": 0.64216}
{"mode": "train", "epoch": 19, "iter": 1000, "lr": 0.00125, "memory": 2409, "data_time": 0.16498, "loss_center_heatmap": 0.44223, "loss_wh": 0.10876, "loss_offset": 0.14986, "loss": 0.70085,