{"train/loss_center_heatmap": 0.58442254225413, "train/loss_wh": 0.12242245177427928, "train/loss_offset": 0.17483066161473593, "train/loss": 0.8816756534576417, "train/grad_norm": 5.965661665598551, "learning_rate": 0.0025, "momentum": 0.9, "_timestamp": 1673616216.378862, "_runtime": 1130.2161719799042, "_step": 1373, "val/loss_center_heatmap": 0.5463461955036737, "val/loss_wh": 0.1092344149370241, "val/loss_offset": 0.17503389539774014, "val/loss": 0.8306145051543692, "_wandb": {"runtime": 1309}}