{"mode": "train", "epoch": 1, "iter": 1000, "lr": 0.00125, "memory": 1880, "data_time": 0.15461, "loss_center_heatmap": 10.25599, "loss_wh": 1.95339, "loss_offset": 0.28976, "loss": 12.49913, "grad_norm": 73.00664, "time": 0.53361}
{"mode": "val", "epoch": 1, "iter": 452, "lr": 0.00125, "memory": 1880, "data_time": 0.3323, "loss_center_heatmap": 2.61139, "loss_wh": 1.55193, "loss_offset": 0.25922, "loss": 4.42254, "time": 0.58515}
{"mode": "train", "epoch": 2, "iter": 1000, "lr": 0.00125, "memory": 1880, "data_time": 0.17412, "loss_center_heatmap": 2.54588, "loss_wh": 1.31978, "loss_offset": 0.25628, "loss": 4.12194, "grad_norm": 7.92077, "time": 0.55954}
{"mode": "val", "epoch": 2, "iter": 452, "lr": 0.00125, "memory": 1880, "data_time": 0.37163, "loss_center_heatmap": 2.61216, "loss_wh": 1.40029, "loss_offset": 0.25713, "loss": 4.26959, "time": 0.62517}
{"mode": "train", "epoch": 3, "iter": 1000, "lr": 0.00125, "memory": 1880, "data_time": 0.16549, "loss_center_heatmap": 2.20378, "loss_wh": 0.91278, "loss_offset": 0.25288, "loss": 3.36944, "grad_norm": 10.72549, "time": 0.55268}
{"mode": "val", "epoch": 3, "iter": 452, "lr": 0.00125, "memory": 1880, "data_time": 0.36119, "loss_center_heatmap": 1.79926, "loss_wh": 0.8045, "loss_offset": 0.24537, "loss": 2.84914, "time": 0.60913}
{"mode": "train", "epoch": 4, "iter": 1000, "lr": 0.00125, "memory": 1880, "data_time": 0.16709, "loss_center_heatmap": 1.60818, "loss_wh": 0.59018, "loss_offset": 0.23985, "loss": 2.43821, "grad_norm": 10.62883, "time": 0.55198}
{"mode": "val", "epoch": 4, "iter": 452, "lr": 0.00125, "memory": 1880, "data_time": 0.1172, "loss_center_heatmap": 1.58697, "loss_wh": 0.63762, "loss_offset": 0.23424, "loss": 2.45884, "time": 6.41709}
{"mode": "train", "epoch": 5, "iter": 1000, "lr": 0.00125, "memory": 1880, "data_time": 0.01534, "loss_center_heatmap": 1.41178, "loss_wh": 0.47873, "loss_offset": 0.2306, "loss": 2.1211, "grad_norm": 9.83897, "time": 8.84108}
{"mode": "val", "epoch": 5, "iter": 452, "lr": 0.00125, "memory": 1880, "data_time": 0.01939, "loss_center_heatmap": 1.31604, "loss_wh": 0.40576, "loss_offset": 0.22423, "loss": 1.94603, "time": 7.42977}
{"mode": "train", "epoch": 6, "iter": 1000, "lr": 0.00125, "memory": 1880, "data_time": 0.01471, "loss_center_heatmap": 1.21414, "loss_wh": 0.33504, "loss_offset": 0.22291, "loss": 1.77209, "grad_norm": 10.01033, "time": 8.73964}
{"mode": "val", "epoch": 6, "iter": 452, "lr": 0.00125, "memory": 1880, "data_time": 0.02139, "loss_center_heatmap": 1.04463, "loss_wh": 0.23319, "loss_offset": 0.22319, "loss": 1.50102, "time": 7.38411}
{"mode": "train", "epoch": 7, "iter": 1000, "lr": 0.00125, "memory": 1880, "data_time": 0.112, "loss_center_heatmap": 0.9399, "loss_wh": 0.24833, "loss_offset": 0.21391, "loss": 1.40215, "grad_norm": 9.69473, "time": 3.56151}
{"mode": "val", "epoch": 7, "iter": 452, "lr": 0.00125, "memory": 1880, "data_time": 0.3867, "loss_center_heatmap": 0.88492, "loss_wh": 0.23226, "loss_offset": 0.19905, "loss": 1.31624, "time": 0.62939}
{"mode": "train", "epoch": 8, "iter": 1000, "lr": 0.00125, "memory": 1880, "data_time": 0.16144, "loss_center_heatmap": 0.76664, "loss_wh": 0.20941, "loss_offset": 0.19625, "loss": 1.17231, "grad_norm": 9.54075, "time": 0.54894}
{"mode": "val", "epoch": 8, "iter": 452, "lr": 0.00125, "memory": 1880, "data_time": 0.36038, "loss_center_heatmap": 0.78069, "loss_wh": 0.24469, "loss_offset": 0.19449, "loss": 1.21986, "time": 0.61235}
{"mode": "train", "epoch": 9, "iter": 1000, "lr": 0.00125, "memory": 1880, "data_time": 0.18218, "loss_center_heatmap": 0.70932, "loss_wh": 0.19188, "loss_offset": 0.18604, "loss": 1.08724, "grad_norm": 9.48669, "time": 0.57046}
{"mode": "val", "epoch": 9, "iter": 452, "lr": 0.00125, "memory": 1880, "data_time": 0.37291, "loss_center_heatmap": 0.65263, "loss_wh": 0.16838, "loss_offset": 0.17665, "loss": 0.99766, "time": 0.61717}
{"mode": "train", "epoch": 10, "iter": 1000, "lr": 0.00125, "memory": 1880, "data_time": 0.18142, "loss_center_heatmap": 0.6529, "loss_wh": 0.17158, "loss_offset": 0.18019, "loss": 1.00467, "grad_norm": 8.37885, "time": 0.57831}
{"mode": "val", "epoch": 10, "iter": 452, "lr": 0.00125, "memory": 1880, "data_time": 0.382, "loss_center_heatmap": 0.62786, "loss_wh": 0.17484, "loss_offset": 0.1758, "loss": 0.9785, "time": 0.62605}
{"mode": "train", "epoch": 11, "iter": 1000, "lr": 0.00125, "memory": 1880, "data_time": 0.16266, "loss_center_heatmap": 0.6131, "loss_wh": 0.1623, "loss_offset": 0.17327, "loss": 0.94866, "grad_norm": 7.95352, "time": 0.55621}
{"mode": "val", "epoch": 11, "iter": 452, "lr": 0.00125, "memory": 1880, "data_time": 0.3668, "loss_center_heatmap": 0.61452, "loss_wh": 0.16546, "loss_offset": 0.17733, "loss": 0.95731, "time": 0.62334}
{"mode": "train", "epoch": 12, "iter": 1000, "lr": 0.00125, "memory": 1880, "data_time": 0.16673, "loss_center_heatmap": 0.57215, "loss_wh": 0.14886, "loss_offset": 0.16747, "loss": 0.88848, "grad_norm": 7.6332, "time": 0.55883}
{"mode": "val", "epoch": 12, "iter": 452, "lr": 0.00125, "memory": 1880, "data_time": 0.37108, "loss_center_heatmap": 0.57581, "loss_wh": 0.14966, "loss_offset": 0.17187, "loss": 0.89734, "time": 0.62011}
{"mode": "train", "epoch": 13, "iter": 1000, "lr": 0.00125, "memory": 1880, "data_time": 0.17458, "loss_center_heatmap": 0.55154, "loss_wh": 0.14598, "loss_offset": 0.16572, "loss": 0.86324, "grad_norm": 7.43827, "time": 0.56507}
{"mode": "val", "epoch": 13, "iter": 452, "lr": 0.00125, "memory": 1880, "data_time": 0.37423, "loss_center_heatmap": 0.5636, "loss_wh": 0.14206, "loss_offset": 0.17175, "loss": 0.8774, "time": 0.62064}
{"mode": "train", "epoch": 14, "iter": 1000, "lr": 0.00125, "memory": 1880, "data_time": 0.15539, "loss_center_heatmap": 0.54928, "loss_wh": 0.13987, "loss_offset": 0.16315, "loss": 0.8523, "grad_norm": 7.21676, "time": 0.58981}
{"mode": "val", "epoch": 14, "iter": 452, "lr": 0.00125, "memory": 1880, "data_time": 0.36694, "loss_center_heatmap": 0.53808, "loss_wh": 0.12835, "loss_offset": 0.15435, "loss": 0.82079, "time": 0.66005}
{"mode": "train", "epoch": 15, "iter": 1000, "lr": 0.00125, "memory": 1880, "data_time": 0.16605, "loss_center_heatmap": 0.53977, "loss_wh": 0.14049, "loss_offset": 0.1614, "loss": 0.84166, "grad_norm": 7.63675, "time": 0.57104}
{"mode": "val", "epoch": 15, "iter": 452, "lr": 0.00125, "memory": 1880, "data_time": 0.38831, "loss_center_heatmap": 0.50227, "loss_wh": 0.14536, "loss_offset": 0.15631, "loss": 0.80394, "time": 0.67291}
{"mode": "train", "epoch": 16, "iter": 1000, "lr": 0.00125, "memory": 1880, "data_time": 0.20489, "loss_center_heatmap": 0.51929, "loss_wh": 0.13021, "loss_offset": 0.15883, "loss": 0.80833, "grad_norm": 7.13121, "time": 0.58849}
{"mode": "val", "epoch": 16, "iter": 452, "lr": 0.00125, "memory": 1880, "data_time": 0.38913, "loss_center_heatmap": 0.50781, "loss_wh": 0.12924, "loss_offset": 0.15464, "loss": 0.79169, "time": 0.64868}
{"mode": "train", "epoch": 17, "iter": 1000, "lr": 0.00125, "memory": 1880, "data_time": 0.17201, "loss_center_heatmap": 0.50747, "loss_wh": 0.12933, "loss_offset": 0.1578, "loss": 0.7946, "grad_norm": 6.79355, "time": 0.56518}
{"mode": "val", "epoch": 17, "iter": 452, "lr": 0.00125, "memory": 1880, "data_time": 0.37145, "loss_center_heatmap": 0.50416, "loss_wh": 0.13174, "loss_offset": 0.16257, "loss": 0.79847, "time": 0.62444}
{"mode": "train", "epoch": 18, "iter": 1000, "lr": 0.00125, "memory": 1880, "data_time": 0.17542, "loss_center_heatmap": 0.47901, "loss_wh": 0.11798, "loss_offset": 0.15466, "loss": 0.75165, "grad_norm": 6.19729, "time": 0.56257}
{"mode": "val", "epoch": 18, "iter": 452, "lr": 0.00125, "memory": 1880, "data_time": 0.38107, "loss_center_heatmap": 0.51069, "loss_wh": 0.13551, "loss_offset": 0.15971, "loss": 0.80592, "time": 0.63113}
{"mode": "train", "epoch": 19, "iter": 1000, "lr": 0.00125, "memory": 1880, "data_time": 0.17529, "loss_center_heatmap": 0.47943, "loss_wh": 0.12213, "loss_offset": 0.15244, "loss": 0.75401,