{"mode": "train", "epoch": 1, "iter": 1000, "lr": 0.00125, "memory": 1880, "data_time": 0.15461, "loss_center_heatmap": 10.25599, "loss_wh": 1.95339, "loss_offset": 0.28976, "loss": 12.49913, "grad_norm": 73.00664, "time": 0.53361}
{"mode": "val", "epoch": 1, "iter": 452, "lr": 0.00125, "memory": 1880, "data_time": 0.3323, "loss_center_heatmap": 2.61139, "loss_wh": 1.55193, "loss_offset": 0.25922, "loss": 4.42254, "time": 0.58515}
{"mode": "train", "epoch": 2, "iter": 1000, "lr": 0.00125, "memory": 1880, "data_time": 0.17412, "loss_center_heatmap": 2.54588, "loss_wh": 1.31978, "loss_offset": 0.25628, "loss": 4.12194, "grad_norm": 7.92077, "time": 0.55954}
